entity_id,instance_id,instance_label
ENT-01,CUST-001,Customer
ENT-01,CUST-002,Customer
ENT-01,CUST-003,Customer
ENT-01,CUST-004,Customer
ENT-01,CUST-005,Customer
ENT-01,CUST-006,Customer
ENT-01,CUST-007,Customer
ENT-01,CUST-008,Customer
ENT-01,CUST-009,Customer
ENT-01,CUST-010,Customer
ENT-01,CUST-011,Customer
ENT-01,CUST-012,Customer
ENT-01,CUST-013,Customer
ENT-01,CUST-014,Customer
ENT-01,CUST-015,Customer
ENT-01,CUST-016,Customer
ENT-01,CUST-017,Customer
ENT-01,CUST-018,Customer
ENT-01,CUST-019,Customer
ENT-01,CUST-020,Customer
ENT-01,CUST-021,Customer
ENT-01,CUST-022,Customer
ENT-01,CUST-023,Customer
ENT-01,CUST-024,Customer
ENT-01,CUST-025,Customer
ENT-01,CUST-026,Customer
ENT-01,CUST-027,Customer
ENT-01,CUST-028,Customer
ENT-01,CUST-029,Customer
ENT-01,CUST-030,Customer
ENT-01,CUST-031,Customer
ENT-01,CUST-032,Customer
ENT-01,CUST-033,Customer
ENT-01,CUST-034,Customer
ENT-01,CUST-035,Customer
ENT-01,CUST-036,Customer
ENT-01,CUST-037,Customer
ENT-01,CUST-038,Customer
ENT-01,CUST-039,Customer
ENT-01,CUST-040,Customer
ENT-01,CUST-041,Customer
ENT-01,CUST-042,Customer
ENT-01,CUST-043,Customer
ENT-01,CUST-044,Customer
ENT-01,CUST-045,Customer
ENT-01,CUST-046,Customer
ENT-01,CUST-047,Customer
ENT-01,CUST-048,Customer
ENT-01,CUST-049,Customer
ENT-01,CUST-050,Customer
ENT-01,CUST-051,Customer
ENT-01,CUST-052,Customer
ENT-01,CUST-053,Customer
ENT-01,CUST-054,Customer
ENT-01,CUST-055,Customer
ENT-01,CUST-056,Customer
ENT-01,CUST-057,Customer
ENT-01,CUST-058,Customer
ENT-01,CUST-059,Customer
ENT-01,CUST-060,Customer
ENT-01,CUST-061,Customer
ENT-01,CUST-062,Customer
ENT-01,CUST-063,Customer
ENT-01,CUST-064,Customer
ENT-01,CUST-065,Customer
ENT-01,CUST-066,Customer
ENT-01,CUST-067,Customer
ENT-01,CUST-068,Customer
ENT-01,CUST-069,Customer
ENT-01,CUST-070,Customer
ENT-01,CUST-071,Customer
ENT-01,CUST-072,Customer
ENT-01,CUST-073,Customer
ENT-01,CUST-074,Customer
ENT-01,CUST-075,Customer
ENT-01,CUST-076,Customer
ENT-01,CUST-077,Customer
ENT-01,CUST-078,Customer
ENT-01,CUST-079,Customer
ENT-01,CUST-080,Customer
ENT-01,CUST-081,Customer
ENT-01,CUST-082,Customer
ENT-01,CUST-083,Customer
ENT-01,CUST-084,Customer
ENT-01,CUST-085,Customer
ENT-01,CUST-086,Customer
ENT-01,CUST-087,Customer
ENT-01,CUST-088,Customer
ENT-01,CUST-089,Customer
ENT-01,CUST-090,Customer
ENT-01,CUST-091,Customer
ENT-01,CUST-092,Customer
ENT-01,CUST-093,Customer
ENT-01,CUST-094,Customer
ENT-01,CUST-095,Customer
ENT-01,CUST-096,Customer
ENT-01,CUST-097,Customer
ENT-01,CUST-098,Customer
ENT-01,CUST-099,Customer
ENT-01,CUST-100,Customer
ENT-04,INV-0001,Invoice
ENT-04,INV-0002,Invoice
ENT-04,INV-0003,Invoice
ENT-04,INV-0004,Invoice
ENT-04,INV-0005,Invoice
ENT-04,INV-0006,Invoice
ENT-04,INV-0007,Invoice
ENT-04,INV-0008,Invoice
ENT-04,INV-0009,Invoice
ENT-04,INV-0010,Invoice
ENT-04,INV-0011,Invoice
ENT-04,INV-0012,Invoice
ENT-04,INV-0013,Invoice
ENT-04,INV-0014,Invoice
ENT-04,INV-0015,Invoice
ENT-04,INV-0016,Invoice
ENT-04,INV-0017,Invoice
ENT-04,INV-0018,Invoice
ENT-04,INV-0019,Invoice
ENT-04,INV-0020,Invoice
ENT-04,INV-0021,Invoice
ENT-04,INV-0022,Invoice
ENT-04,INV-0023,Invoice
ENT-04,INV-0024,Invoice
ENT-04,INV-0025,Invoice
ENT-04,INV-0026,Invoice
ENT-04,INV-0027,Invoice
ENT-04,INV-0028,Invoice
ENT-04,INV-0029,Invoice
ENT-04,INV-0030,Invoice
ENT-04,INV-0031,Invoice
ENT-04,INV-0032,Invoice
ENT-04,INV-0033,Invoice
ENT-04,INV-0034,Invoice
ENT-04,INV-0035,Invoice
ENT-04,INV-0036,Invoice
ENT-04,INV-0037,Invoice
ENT-04,INV-0038,Invoice
ENT-04,INV-0039,Invoice
ENT-04,INV-0040,Invoice
ENT-04,INV-0041,Invoice
ENT-04,INV-0042,Invoice
ENT-04,INV-0043,Invoice
ENT-04,INV-0044,Invoice
ENT-04,INV-0045,Invoice
ENT-04,INV-0046,Invoice
ENT-04,INV-0047,Invoice
ENT-04,INV-0048,Invoice
ENT-04,INV-0049,Invoice
ENT-04,INV-0050,Invoice
ENT-04,INV-0051,Invoice
ENT-04,INV-0052,Invoice
ENT-04,INV-0053,Invoice
ENT-04,INV-0054,Invoice
ENT-04,INV-0055,Invoice
ENT-04,INV-0056,Invoice
ENT-04,INV-0057,Invoice
ENT-04,INV-0058,Invoice
ENT-04,INV-0059,Invoice
ENT-04,INV-0060,Invoice
ENT-04,INV-0061,Invoice
ENT-04,INV-0062,Invoice
ENT-04,INV-0063,Invoice
ENT-04,INV-0064,Invoice
ENT-04,INV-0065,Invoice
ENT-04,INV-0066,Invoice
ENT-04,INV-0067,Invoice
ENT-04,INV-0068,Invoice
ENT-04,INV-0069,Invoice
ENT-04,INV-0070,Invoice
ENT-04,INV-0071,Invoice
ENT-04,INV-0072,Invoice
ENT-04,INV-0073,Invoice
ENT-04,INV-0074,Invoice
ENT-04,INV-0075,Invoice
ENT-04,INV-0076,Invoice
ENT-04,INV-0077,Invoice
ENT-04,INV-0078,Invoice
ENT-04,INV-0079,Invoice
ENT-04,INV-0080,Invoice
ENT-04,INV-0081,Invoice
ENT-04,INV-0082,Invoice
ENT-04,INV-0083,Invoice
ENT-04,INV-0084,Invoice
ENT-04,INV-0085,Invoice
ENT-04,INV-0086,Invoice
ENT-04,INV-0087,Invoice
ENT-04,INV-0088,Invoice
ENT-04,INV-0089,Invoice
ENT-04,INV-0090,Invoice
ENT-04,INV-0091,Invoice
ENT-04,INV-0092,Invoice
ENT-04,INV-0093,Invoice
ENT-04,INV-0094,Invoice
ENT-04,INV-0095,Invoice
ENT-04,INV-0096,Invoice
ENT-04,INV-0097,Invoice
ENT-04,INV-0098,Invoice
ENT-04,INV-0099,Invoice
ENT-04,INV-0100,Invoice
ENT-04,INV-0101,Invoice
ENT-04,INV-0102,Invoice
ENT-04,INV-0103,Invoice
ENT-04,INV-0104,Invoice
ENT-04,INV-0105,Invoice
ENT-04,INV-0106,Invoice
ENT-04,INV-0107,Invoice
ENT-04,INV-0108,Invoice
ENT-04,INV-0109,Invoice
ENT-04,INV-0110,Invoice
ENT-04,INV-0111,Invoice
ENT-04,INV-0112,Invoice
ENT-04,INV-0113,Invoice
ENT-04,INV-0114,Invoice
ENT-04,INV-0115,Invoice
ENT-04,INV-0116,Invoice
ENT-04,INV-0117,Invoice
ENT-04,INV-0118,Invoice
ENT-04,INV-0119,Invoice
ENT-04,INV-0120,Invoice
ENT-04,INV-0121,Invoice
ENT-04,INV-0122,Invoice
ENT-04,INV-0123,Invoice
ENT-04,INV-0124,Invoice
ENT-04,INV-0125,Invoice
ENT-04,INV-0126,Invoice
ENT-04,INV-0127,Invoice
ENT-04,INV-0128,Invoice
ENT-04,INV-0129,Invoice
ENT-04,INV-0130,Invoice
ENT-04,INV-0131,Invoice
ENT-04,INV-0132,Invoice
ENT-04,INV-0133,Invoice
ENT-04,INV-0134,Invoice
ENT-04,INV-0135,Invoice
ENT-04,INV-0136,Invoice
ENT-04,INV-0137,Invoice
ENT-04,INV-0138,Invoice
ENT-04,INV-0139,Invoice
ENT-04,INV-0140,Invoice
ENT-04,INV-0141,Invoice
ENT-04,INV-0142,Invoice
ENT-04,INV-0143,Invoice
ENT-04,INV-0144,Invoice
ENT-04,INV-0145,Invoice
ENT-04,INV-0146,Invoice
ENT-04,INV-0147,Invoice
ENT-04,INV-0148,Invoice
ENT-04,INV-0149,Invoice
ENT-04,INV-0150,Invoice
ENT-04,INV-0151,Invoice
ENT-04,INV-0152,Invoice
ENT-04,INV-0153,Invoice
ENT-04,INV-0154,Invoice
ENT-04,INV-0155,Invoice
ENT-04,INV-0156,Invoice
ENT-04,INV-0157,Invoice
ENT-04,INV-0158,Invoice
ENT-04,INV-0159,Invoice
ENT-04,INV-0160,Invoice
ENT-04,INV-0161,Invoice
ENT-04,INV-0162,Invoice
ENT-04,INV-0163,Invoice
ENT-04,INV-0164,Invoice
ENT-04,INV-0165,Invoice
ENT-04,INV-0166,Invoice
ENT-04,INV-0167,Invoice
ENT-04,INV-0168,Invoice
ENT-04,INV-0169,Invoice
ENT-04,INV-0170,Invoice
ENT-04,INV-0171,Invoice
ENT-04,INV-0172,Invoice
ENT-04,INV-0173,Invoice
ENT-04,INV-0174,Invoice
ENT-04,INV-0175,Invoice
ENT-04,INV-0176,Invoice
ENT-04,INV-0177,Invoice
ENT-04,INV-0178,Invoice
ENT-04,INV-0179,Invoice
ENT-04,INV-0180,Invoice
ENT-04,INV-0181,Invoice
ENT-04,INV-0182,Invoice
ENT-04,INV-0183,Invoice
ENT-04,INV-0184,Invoice
ENT-04,INV-0185,Invoice
ENT-04,INV-0186,Invoice
ENT-04,INV-0187,Invoice
ENT-04,INV-0188,Invoice
ENT-04,INV-0189,Invoice
ENT-04,INV-0190,Invoice
ENT-04,INV-0191,Invoice
ENT-04,INV-0192,Invoice
ENT-04,INV-0193,Invoice
ENT-04,INV-0194,Invoice
ENT-04,INV-0195,Invoice
ENT-04,INV-0196,Invoice
ENT-04,INV-0197,Invoice
ENT-04,INV-0198,Invoice
ENT-04,INV-0199,Invoice
ENT-04,INV-0200,Invoice
ENT-04,INV-0201,Invoice
ENT-04,INV-0202,Invoice
ENT-04,INV-0203,Invoice
ENT-04,INV-0204,Invoice
ENT-04,INV-0205,Invoice
ENT-04,INV-0206,Invoice
ENT-04,INV-0207,Invoice
ENT-04,INV-0208,Invoice
ENT-04,INV-0209,Invoice
ENT-04,INV-0210,Invoice
ENT-04,INV-0211,Invoice
ENT-04,INV-0212,Invoice
ENT-04,INV-0213,Invoice
ENT-04,INV-0214,Invoice
ENT-04,INV-0215,Invoice
ENT-04,INV-0216,Invoice
ENT-04,INV-0217,Invoice
ENT-04,INV-0218,Invoice
ENT-04,INV-0219,Invoice
ENT-04,INV-0220,Invoice
ENT-04,INV-0221,Invoice
ENT-04,INV-0222,Invoice
ENT-04,INV-0223,Invoice
ENT-04,INV-0224,Invoice
ENT-04,INV-0225,Invoice
ENT-04,INV-0226,Invoice
ENT-04,INV-0227,Invoice
ENT-04,INV-0228,Invoice
ENT-04,INV-0229,Invoice
ENT-04,INV-0230,Invoice
ENT-04,INV-0231,Invoice
ENT-04,INV-0232,Invoice
ENT-04,INV-0233,Invoice
ENT-04,INV-0234,Invoice
ENT-04,INV-0235,Invoice
ENT-04,INV-0236,Invoice
ENT-04,INV-0237,Invoice
ENT-04,INV-0238,Invoice
ENT-04,INV-0239,Invoice
ENT-04,INV-0240,Invoice
ENT-04,INV-0241,Invoice
ENT-04,INV-0242,Invoice
ENT-04,INV-0243,Invoice
ENT-04,INV-0244,Invoice
ENT-04,INV-0245,Invoice
ENT-04,INV-0246,Invoice
ENT-04,INV-0247,Invoice
ENT-04,INV-0248,Invoice
ENT-04,INV-0249,Invoice
ENT-04,INV-0250,Invoice
ENT-04,INV-0251,Invoice
ENT-04,INV-0252,Invoice
ENT-04,INV-0253,Invoice
ENT-04,INV-0254,Invoice
ENT-04,INV-0255,Invoice
ENT-04,INV-0256,Invoice
ENT-04,INV-0257,Invoice
ENT-04,INV-0258,Invoice
ENT-04,INV-0259,Invoice
ENT-04,INV-0260,Invoice
ENT-04,INV-0261,Invoice
ENT-04,INV-0262,Invoice
ENT-04,INV-0263,Invoice
ENT-04,INV-0264,Invoice
ENT-04,INV-0265,Invoice
ENT-04,INV-0266,Invoice
ENT-04,INV-0267,Invoice
ENT-04,INV-0268,Invoice
ENT-04,INV-0269,Invoice
ENT-04,INV-0270,Invoice
ENT-04,INV-0271,Invoice
ENT-04,INV-0272,Invoice
ENT-04,INV-0273,Invoice
ENT-04,INV-0274,Invoice
ENT-04,INV-0275,Invoice
ENT-04,INV-0276,Invoice
ENT-04,INV-0277,Invoice
ENT-04,INV-0278,Invoice
ENT-04,INV-0279,Invoice
ENT-04,INV-0280,Invoice
ENT-04,INV-0281,Invoice
ENT-04,INV-0282,Invoice
ENT-04,INV-0283,Invoice
ENT-04,INV-0284,Invoice
ENT-04,INV-0285,Invoice
ENT-04,INV-0286,Invoice
ENT-04,INV-0287,Invoice
ENT-04,INV-0288,Invoice
ENT-04,INV-0289,Invoice
ENT-04,INV-0290,Invoice
ENT-04,INV-0291,Invoice
ENT-04,INV-0292,Invoice
ENT-04,INV-0293,Invoice
ENT-04,INV-0294,Invoice
ENT-04,INV-0295,Invoice
ENT-04,INV-0296,Invoice
ENT-04,INV-0297,Invoice
ENT-04,INV-0298,Invoice
ENT-04,INV-0299,Invoice
ENT-04,INV-0300,Invoice
ENT-04,INV-0301,Invoice
ENT-04,INV-0302,Invoice
ENT-04,INV-0303,Invoice
ENT-04,INV-0304,Invoice
ENT-04,INV-0305,Invoice
ENT-04,INV-0306,Invoice
ENT-04,INV-0307,Invoice
ENT-04,INV-0308,Invoice
ENT-04,INV-0309,Invoice
ENT-04,INV-0310,Invoice
ENT-04,INV-0311,Invoice
ENT-04,INV-0312,Invoice
ENT-04,INV-0313,Invoice
ENT-04,INV-0314,Invoice
ENT-04,INV-0315,Invoice
ENT-04,INV-0316,Invoice
ENT-04,INV-0317,Invoice
ENT-04,INV-0318,Invoice
ENT-04,INV-0319,Invoice
ENT-04,INV-0320,Invoice
ENT-04,INV-0321,Invoice
ENT-04,INV-0322,Invoice
ENT-04,INV-0323,Invoice
ENT-04,INV-0324,Invoice
ENT-04,INV-0325,Invoice
ENT-04,INV-0326,Invoice
ENT-04,INV-0327,Invoice
ENT-04,INV-0328,Invoice
ENT-04,INV-0329,Invoice
ENT-04,INV-0330,Invoice
ENT-04,INV-0331,Invoice
ENT-04,INV-0332,Invoice
ENT-04,INV-0333,Invoice
ENT-04,INV-0334,Invoice
ENT-04,INV-0335,Invoice
ENT-04,INV-0336,Invoice
ENT-04,INV-0337,Invoice
ENT-04,INV-0338,Invoice
ENT-04,INV-0339,Invoice
ENT-04,INV-0340,Invoice
ENT-04,INV-0341,Invoice
ENT-04,INV-0342,Invoice
ENT-04,INV-0343,Invoice
ENT-04,INV-0344,Invoice
ENT-04,INV-0345,Invoice
ENT-04,INV-0346,Invoice
ENT-04,INV-0347,Invoice
ENT-04,INV-0348,Invoice
ENT-04,INV-0349,Invoice
ENT-04,INV-0350,Invoice
ENT-04,INV-0351,Invoice
ENT-04,INV-0352,Invoice
ENT-04,INV-0353,Invoice
ENT-04,INV-0354,Invoice
ENT-04,INV-0355,Invoice
ENT-04,INV-0356,Invoice
ENT-04,INV-0357,Invoice
ENT-04,INV-0358,Invoice
ENT-04,INV-0359,Invoice
ENT-04,INV-0360,Invoice
ENT-04,INV-0361,Invoice
ENT-04,INV-0362,Invoice
ENT-04,INV-0363,Invoice
ENT-04,INV-0364,Invoice
ENT-04,INV-0365,Invoice
ENT-04,INV-0366,Invoice
ENT-04,INV-0367,Invoice
ENT-04,INV-0368,Invoice
ENT-04,INV-0369,Invoice
ENT-04,INV-0370,Invoice
ENT-04,INV-0371,Invoice
ENT-04,INV-0372,Invoice
ENT-04,INV-0373,Invoice
ENT-04,INV-0374,Invoice
ENT-04,INV-0375,Invoice
ENT-04,INV-0376,Invoice
ENT-04,INV-0377,Invoice
ENT-04,INV-0378,Invoice
ENT-04,INV-0379,Invoice
ENT-04,INV-0380,Invoice
ENT-04,INV-0381,Invoice
ENT-04,INV-0382,Invoice
ENT-04,INV-0383,Invoice
ENT-04,INV-0384,Invoice
ENT-04,INV-0385,Invoice
ENT-04,INV-0386,Invoice
ENT-04,INV-0387,Invoice
ENT-04,INV-0388,Invoice
ENT-04,INV-0389,Invoice
ENT-04,INV-0390,Invoice
ENT-04,INV-0391,Invoice
ENT-04,INV-0392,Invoice
ENT-04,INV-0393,Invoice
ENT-04,INV-0394,Invoice
ENT-04,INV-0395,Invoice
ENT-04,INV-0396,Invoice
ENT-04,INV-0397,Invoice
ENT-04,INV-0398,Invoice
ENT-04,INV-0399,Invoice
ENT-04,INV-0400,Invoice
ENT-04,INV-0401,Invoice
ENT-04,INV-0402,Invoice
ENT-04,INV-0403,Invoice
ENT-04,INV-0404,Invoice
ENT-04,INV-0405,Invoice
ENT-04,INV-0406,Invoice
ENT-04,INV-0407,Invoice
ENT-04,INV-0408,Invoice
ENT-04,INV-0409,Invoice
ENT-04,INV-0410,Invoice
ENT-04,INV-0411,Invoice
ENT-04,INV-0412,Invoice
ENT-04,INV-0413,Invoice
ENT-04,INV-0414,Invoice
ENT-04,INV-0415,Invoice
ENT-04,INV-0416,Invoice
ENT-04,INV-0417,Invoice
ENT-04,INV-0418,Invoice
ENT-04,INV-0419,Invoice
ENT-04,INV-0420,Invoice
ENT-04,INV-0421,Invoice
ENT-04,INV-0422,Invoice
ENT-04,INV-0423,Invoice
ENT-04,INV-0424,Invoice
ENT-04,INV-0425,Invoice
ENT-04,INV-0426,Invoice
ENT-04,INV-0427,Invoice
ENT-04,INV-0428,Invoice
ENT-04,INV-0429,Invoice
ENT-04,INV-0430,Invoice
ENT-04,INV-0431,Invoice
ENT-04,INV-0432,Invoice
ENT-04,INV-0433,Invoice
ENT-04,INV-0434,Invoice
ENT-04,INV-0435,Invoice
ENT-04,INV-0436,Invoice
ENT-04,INV-0437,Invoice
ENT-04,INV-0438,Invoice
ENT-04,INV-0439,Invoice
ENT-04,INV-0440,Invoice
ENT-04,INV-0441,Invoice
ENT-04,INV-0442,Invoice
ENT-04,INV-0443,Invoice
ENT-04,INV-0444,Invoice
ENT-04,INV-0445,Invoice
ENT-04,INV-0446,Invoice
ENT-04,INV-0447,Invoice
ENT-04,INV-0448,Invoice
ENT-04,INV-0449,Invoice
ENT-04,INV-0450,Invoice
ENT-04,INV-0451,Invoice
ENT-04,INV-0452,Invoice
ENT-04,INV-0453,Invoice
ENT-04,INV-0454,Invoice
ENT-04,INV-0455,Invoice
ENT-04,INV-0456,Invoice
ENT-04,INV-0457,Invoice
ENT-04,INV-0458,Invoice
ENT-04,INV-0459,Invoice
ENT-04,INV-0460,Invoice
ENT-04,INV-0461,Invoice
ENT-04,INV-0462,Invoice
ENT-04,INV-0463,Invoice
ENT-04,INV-0464,Invoice
ENT-04,INV-0465,Invoice
ENT-04,INV-0466,Invoice
ENT-04,INV-0467,Invoice
ENT-04,INV-0468,Invoice
ENT-04,INV-0469,Invoice
ENT-04,INV-0470,Invoice
ENT-04,INV-0471,Invoice
ENT-04,INV-0472,Invoice
ENT-04,INV-0473,Invoice
ENT-04,INV-0474,Invoice
ENT-04,INV-0475,Invoice
ENT-04,INV-0476,Invoice
ENT-04,INV-0477,Invoice
ENT-04,INV-0478,Invoice
ENT-04,INV-0479,Invoice
ENT-04,INV-0480,Invoice
ENT-04,INV-0481,Invoice
ENT-04,INV-0482,Invoice
ENT-04,INV-0483,Invoice
ENT-04,INV-0484,Invoice
ENT-04,INV-0485,Invoice
ENT-04,INV-0486,Invoice
ENT-04,INV-0487,Invoice
ENT-04,INV-0488,Invoice
ENT-04,INV-0489,Invoice
ENT-04,INV-0490,Invoice
ENT-04,INV-0491,Invoice
ENT-04,INV-0492,Invoice
ENT-04,INV-0493,Invoice
ENT-04,INV-0494,Invoice
ENT-04,INV-0495,Invoice
ENT-04,INV-0496,Invoice
ENT-04,INV-0497,Invoice
ENT-04,INV-0498,Invoice
ENT-04,INV-0499,Invoice
ENT-04,INV-0500,Invoice
ENT-04,INV-0501,Invoice
ENT-04,INV-0502,Invoice
ENT-04,INV-0503,Invoice
ENT-04,INV-0504,Invoice
ENT-04,INV-0505,Invoice
ENT-04,INV-0506,Invoice
ENT-04,INV-0507,Invoice
ENT-04,INV-0508,Invoice
ENT-04,INV-0509,Invoice
ENT-04,INV-0510,Invoice
ENT-04,INV-0511,Invoice
ENT-04,INV-0512,Invoice
ENT-04,INV-0513,Invoice
ENT-04,INV-0514,Invoice
ENT-04,INV-0515,Invoice
ENT-04,INV-0516,Invoice
ENT-04,INV-0517,Invoice
ENT-04,INV-0518,Invoice
ENT-04,INV-0519,Invoice
ENT-04,INV-0520,Invoice
ENT-04,INV-0521,Invoice
ENT-04,INV-0522,Invoice
ENT-04,INV-0523,Invoice
ENT-04,INV-0524,Invoice
ENT-04,INV-0525,Invoice
ENT-04,INV-0526,Invoice
ENT-04,INV-0527,Invoice
ENT-04,INV-0528,Invoice
ENT-04,INV-0529,Invoice
ENT-04,INV-0530,Invoice
ENT-04,INV-0531,Invoice
ENT-04,INV-0532,Invoice
ENT-04,INV-0533,Invoice
ENT-04,INV-0534,Invoice
ENT-04,INV-0535,Invoice
ENT-04,INV-0536,Invoice
ENT-04,INV-0537,Invoice
ENT-04,INV-0538,Invoice
ENT-04,INV-0539,Invoice
ENT-04,INV-0540,Invoice
ENT-04,INV-0541,Invoice
ENT-04,INV-0542,Invoice
ENT-04,INV-0543,Invoice
ENT-04,INV-0544,Invoice
ENT-04,INV-0545,Invoice
ENT-04,INV-0546,Invoice
ENT-04,INV-0547,Invoice
ENT-04,INV-0548,Invoice
ENT-04,INV-0549,Invoice
ENT-04,INV-0550,Invoice
ENT-04,INV-0551,Invoice
ENT-04,INV-0552,Invoice
ENT-04,INV-0553,Invoice
ENT-04,INV-0554,Invoice
ENT-04,INV-0555,Invoice
ENT-04,INV-0556,Invoice
ENT-04,INV-0557,Invoice
ENT-04,INV-0558,Invoice
ENT-04,INV-0559,Invoice
ENT-04,INV-0560,Invoice
ENT-04,INV-0561,Invoice
ENT-04,INV-0562,Invoice
ENT-04,INV-0563,Invoice
ENT-04,INV-0564,Invoice
ENT-04,INV-0565,Invoice
ENT-04,INV-0566,Invoice
ENT-04,INV-0567,Invoice
ENT-04,INV-0568,Invoice
ENT-04,INV-0569,Invoice
ENT-04,INV-0570,Invoice
ENT-04,INV-0571,Invoice
ENT-04,INV-0572,Invoice
ENT-04,INV-0573,Invoice
ENT-04,INV-0574,Invoice
ENT-04,INV-0575,Invoice
ENT-04,INV-0576,Invoice
ENT-04,INV-0577,Invoice
ENT-04,INV-0578,Invoice
ENT-04,INV-0579,Invoice
ENT-04,INV-0580,Invoice
ENT-04,INV-0581,Invoice
ENT-04,INV-0582,Invoice
ENT-04,INV-0583,Invoice
ENT-04,INV-0584,Invoice
ENT-04,INV-0585,Invoice
ENT-04,INV-0586,Invoice
ENT-04,INV-0587,Invoice
ENT-04,INV-0588,Invoice
ENT-04,INV-0589,Invoice
ENT-04,INV-0590,Invoice
ENT-04,INV-0591,Invoice
ENT-04,INV-0592,Invoice
ENT-04,INV-0593,Invoice
ENT-04,INV-0594,Invoice
ENT-04,INV-0595,Invoice
ENT-04,INV-0596,Invoice
ENT-04,INV-0597,Invoice
ENT-04,INV-0598,Invoice
ENT-04,INV-0599,Invoice
ENT-04,INV-0600,Invoice
ENT-04,INV-0601,Invoice
ENT-04,INV-0602,Invoice
ENT-04,INV-0603,Invoice
ENT-04,INV-0604,Invoice
ENT-04,INV-0605,Invoice
ENT-04,INV-0606,Invoice
ENT-04,INV-0607,Invoice
ENT-04,INV-0608,Invoice
ENT-04,INV-0609,Invoice
ENT-04,INV-0610,Invoice
ENT-04,INV-0611,Invoice
ENT-04,INV-0612,Invoice
